{
  "project_info": {
    "project_number": "139967441107",
    "firebase_url": "https://fir-url-fe593.firebaseio.com",
    "project_id": "fir-url-fe593",
    "storage_bucket": "fir-url-fe593.appspot.com"
  },
  "client": [
    {
      "client_info": {
        "mobilesdk_app_id": "1:139967441107:android:ae84c5c1b04a6a0b41cc26",
        "android_client_info": {
          "package_name": "com.applettechnologies.firebaseurl"
        }
      },
      "oauth_client": [
        {
          "client_id": "139967441107-07au03e49nabqqf6m3fbb9jqlhc76j95.apps.googleusercontent.com",
          "client_type": 1,
          "android_info": {
            "package_name": "com.applettechnologies.firebaseurl",
            "certificate_hash": "a12486f92155cda7773d535b9a55d1fb692ab9bd"
          }
        },
        {
          "client_id": "139967441107-s0j3k42jst0u562c3fkobr4b21djssjm.apps.googleusercontent.com",
          "client_type": 3
        }
      ],
      "api_key": [
        {
          "current_key": "AIzaSyCQgxibGR80GjQImUSL1q1pMEinXBeURs0"
        }
      ],
      "services": {
        "appinvite_service": {
          "other_platform_oauth_client": [
            {
              "client_id": "139967441107-s0j3k42jst0u562c3fkobr4b21djssjm.apps.googleusercontent.com",
              "client_type": 3
            }
          ]
        }
      }
    }
  ],
  "configuration_version": "1"
}